header1,header1,header1,header1,header1,header1,header1,header1,header1,header1,header1,header1,header1,header1,header1,header1,header1,header1,header1,header1,header1,header1,header1,header1,header1,header1,header1,header1,header1,header1,header1,header1,header1,header1,header1,header1,header1,header1,header1,header1,header1
Example,Example,Example,Example,Example,Example,Example,Example,Example,Example,Example,Example,Example,Example,Example,Example,Example,Example,Example,Example,Example,Example,Example,Example,Example,Example,Example,Example,Example,Example,Example,Example,Example,Example,Example,Example,Example,Example,Example,Example,Example
Example,Example,Example,Example,Example,Example,Example,Example,Example,Example,Example,Example,Example,Example,Example,Example,Example,Example,Example,Example,Example,Example,Example,Example,Example,Example,Example,Example,Example,Example,Example,Example,Example,Example,Example,Example,Example,Example,Example,Example,Example
Example,Example,Example,Example,Example,Example,Example,Example,Example,Example,Example,Example,Example,Example,Example,Example,Example,Example,Example,Example,Example,Example,Example,Example,Example,Example,Example,Example,Example,Example,Example,Example,Example,Example,Example,Example,Example,Example,Example,Example,Example
Example,Example,Example,Example,Example,Example,Example,Example,Example,Example,Example,Example,Example,Example,Example,Example,Example,Example,Example,Example,Example,Example,Example,Example,Example,Example,Example,Example,Example,Example,Example,Example,Example,Example,Example,Example,Example,Example,Example,Example,Example
Example,Example,Example,Example,Example,Example,Example,Example,Example,Example,Example,Example,Example,Example,Example,Example,Example,Example,Example,Example,Example,Example,Example,Example,Example,Example,Example,Example,Example,Example,Example,Example,Example,Example,Example,Example,Example,Example,Example,Example,Example
Example,Example,Example,Example,Example,Example,Example,Example,Example,Example,Example,Example,Example,Example,Example,Example,Example,Example,Example,Example,Example,Example,Example,Example,Example,Example,Example,Example,Example,Example,Example,Example,Example,Example,Example,Example,Example,Example,Example,Example,Example
Example,Example,Example,Example,Example,Example,Example,Example,Example,Example,Example,Example,Example,Example,Example,Example,Example,Example,Example,Example,Example,Example,Example,Example,Example,Example,Example,Example,Example,Example,Example,Example,Example,Example,Example,Example,Example,Example,Example,Example,Example
Example,Example,Example,Example,Example,Example,Example,Example,Example,Example,Example,Example,Example,Example,Example,Example,Example,Example,Example,Example,Example,Example,Example,Example,Example,Example,Example,Example,Example,Example,Example,Example,Example,Example,Example,Example,Example,Example,Example,Example,Example
Example,Example,Example,Example,Example,Example,Example,Example,Example,Example,Example,Example,Example,Example,Example,Example,Example,Example,Example,Example,Example,Example,Example,Example,Example,Example,Example,Example,Example,Example,Example,Example,Example,Example,Example,Example,Example,Example,Example,Example,Example
Example,Example,Example,Example,Example,Example,Example,Example,Example,Example,Example,Example,Example,Example,Example,Example,Example,Example,Example,Example,Example,Example,Example,Example,Example,Example,Example,Example,Example,Example,Example,Example,Example,Example,Example,Example,Example,Example,Example,Example,Example
Example,Example,Example,Example,Example,Example,Example,Example,Example,Example,Example,Example,Example,Example,Example,Example,Example,Example,Example,Example,Example,Example,Example,Example,Example,Example,Example,Example,Example,Example,Example,Example,Example,Example,Example,Example,Example,Example,Example,Example,Example
Example,Example,Example,Example,Example,Example,Example,Example,Example,Example,Example,Example,Example,Example,Example,Example,Example,Example,Example,Example,Example,Example,Example,Example,Example,Example,Example,Example,Example,Example,Example,Example,Example,Example,Example,Example,Example,Example,Example,Example,Example
Example,Example,Example,Example,Example,Example,Example,Example,Example,Example,Example,Example,Example,Example,Example,Example,Example,Example,Example,Example,Example,Example,Example,Example,Example,Example,Example,Example,Example,Example,Example,Example,Example,Example,Example,Example,Example,Example,Example,Example,Example
Example,Example,Example,Example,Example,Example,Example,Example,Example,Example,Example,Example,Example,Example,Example,Example,Example,Example,Example,Example,Example,Example,Example,Example,Example,Example,Example,Example,Example,Example,Example,Example,Example,Example,Example,Example,Example,Example,Example,Example,Example
Example,Example,Example,Example,Example,Example,Example,Example,Example,Example,Example,Example,Example,Example,Example,Example,Example,Example,Example,Example,Example,Example,Example,Example,Example,Example,Example,Example,Example,Example,Example,Example,Example,Example,Example,Example,Example,Example,Example,Example,Example
Example,Example,Example,Example,Example,Example,Example,Example,Example,Example,Example,Example,Example,Example,Example,Example,Example,Example,Example,Example,Example,Example,Example,Example,Example,Example,Example,Example,Example,Example,Example,Example,Example,Example,Example,Example,Example,Example,Example,Example,Example
Example,Example,Example,Example,Example,Example,Example,Example,Example,Example,Example,Example,Example,Example,Example,Example,Example,Example,Example,Example,Example,Example,Example,Example,Example,Example,Example,Example,Example,Example,Example,Example,Example,Example,Example,Example,Example,Example,Example,Example,Example
Example,Example,Example,Example,Example,Example,Example,Example,Example,Example,Example,Example,Example,Example,Example,Example,Example,Example,Example,Example,Example,Example,Example,Example,Example,Example,Example,Example,Example,Example,Example,Example,Example,Example,Example,Example,Example,Example,Example,Example,Example
Example,Example,Example,Example,Example,Example,Example,Example,Example,Example,Example,Example,Example,Example,Example,Example,Example,Example,Example,Example,Example,Example,Example,Example,Example,Example,Example,Example,Example,Example,Example,Example,Example,Example,Example,Example,Example,Example,Example,Example,Example
Example,Example,Example,Example,Example,Example,Example,Example,Example,Example,Example,Example,Example,Example,Example,Example,Example,Example,Example,Example,Example,Example,Example,Example,Example,Example,Example,Example,Example,Example,Example,Example,Example,Example,Example,Example,Example,Example,Example,Example,Example
Example,Example,Example,Example,Example,Example,Example,Example,Example,Example,Example,Example,Example,Example,Example,Example,Example,Example,Example,Example,Example,Example,Example,Example,Example,Example,Example,Example,Example,Example,Example,Example,Example,Example,Example,Example,Example,Example,Example,Example,Example
Example,Example,Example,Example,Example,Example,Example,Example,Example,Example,Example,Example,Example,Example,Example,Example,Example,Example,Example,Example,Example,Example,Example,Example,Example,Example,Example,Example,Example,Example,Example,Example,Example,Example,Example,Example,Example,Example,Example,Example,Example
Example,Example,Example,Example,Example,Example,Example,Example,Example,Example,Example,Example,Example,Example,Example,Example,Example,Example,Example,Example,Example,Example,Example,Example,Example,Example,Example,Example,Example,Example,Example,Example,Example,Example,Example,Example,Example,Example,Example,Example,Example
Example,Example,Example,Example,Example,Example,Example,Example,Example,Example,Example,Example,Example,Example,Example,Example,Example,Example,Example,Example,Example,Example,Example,Example,Example,Example,Example,Example,Example,Example,Example,Example,Example,Example,Example,Example,Example,Example,Example,Example,Example
Example,Example,Example,Example,Example,Example,Example,Example,Example,Example,Example,Example,Example,Example,Example,Example,Example,Example,Example,Example,Example,Example,Example,Example,Example,Example,Example,Example,Example,Example,Example,Example,Example,Example,Example,Example,Example,Example,Example,Example,Example
